Date,Water level (m),Lanesborough,Shannonbridge
01/01/10,34.6,,
01/02/10,34.6,,
01/03/10,34.6,,
01/04/10,34.6,,
01/05/10,34.5,,
01/06/10,34.4,,
01/07/10,34.3,,
01/08/10,34.2,,
01/09/10,34.1,,
01/10/10,34.0,,
01/11/10,33.9,,
01/12/10,33.8,,
01/13/10,33.8,,
01/14/10,33.9,,
01/15/10,34.0,,
01/16/10,34.1,,
01/17/10,34.3,,
01/18/10,34.3,,
01/19/10,34.3,,
01/20/10,34.4,,
01/21/10,34.4,,
01/22/10,34.4,,
01/23/10,34.4,,
01/24/10,34.4,,
01/25/10,34.3,,
01/26/10,34.3,,
01/27/10,34.2,,
01/28/10,34.2,,
01/29/10,34.1,,
01/30/10,34.1,,
01/31/10,34.1,,
02/01/10,34.0,,
02/02/10,34.0,,
02/03/10,34.0,,
02/04/10,34.0,,
02/05/10,34.1,,
02/06/10,34.2,,
02/07/10,34.2,,
02/08/10,34.2,,
02/09/10,34.2,,
02/10/10,34.1,,
02/11/10,34.1,,
02/12/10,34.0,,
02/13/10,,,
02/14/10,,,
02/15/10,33.8,,
02/16/10,33.8,,
02/17/10,33.7,,
02/18/10,33.6,,
02/19/10,33.6,,
02/20/10,33.5,,
02/21/10,33.4,,
02/22/10,33.4,,
02/23/10,33.3,,
02/24/10,33.3,,
02/25/10,33.3,,
02/26/10,33.2,,
02/27/10,33.2,,
02/28/10,,,
03/01/10,33.1,,
03/02/10,33.1,,
03/03/10,33.1,,
03/04/10,33.1,,
03/05/10,33.1,,
03/06/10,33.2,,
03/07/10,33.1,,
03/08/10,33.1,,
03/09/10,33.0,,
03/10/10,33.0,,
03/11/10,32.9,,
03/12/10,32.9,,
03/13/10,32.9,,
03/14/10,32.8,,
03/15/10,32.8,,
03/16/10,32.8,,
03/17/10,32.8,,
03/18/10,32.7,,
03/19/10,32.8,,
03/20/10,32.8,,
03/21/10,32.8,,
03/22/10,32.8,,
03/23/10,32.8,,
03/24/10,32.8,,
03/25/10,32.9,,
03/26/10,33.0,,
03/27/10,33.1,,
03/28/10,33.1,,
03/29/10,33.1,,
03/30/10,33.5,,
03/31/10,33.9,,
04/01/10,34.1,,
04/02/10,34.2,,
04/03/10,34.2,,
04/04/10,34.2,,
04/05/10,34.2,,
04/06/10,34.4,,
04/07/10,34.6,,
04/08/10,34.7,,
04/09/10,34.7,,
04/10/10,34.7,,
04/11/10,34.7,,
04/12/10,34.7,,
04/13/10,34.6,,
04/14/10,34.5,,
04/15/10,34.4,,
04/16/10,34.3,,
04/17/10,34.2,,
04/18/10,34.1,,
04/19/10,34.0,,
04/20/10,33.9,,
04/21/10,33.8,,
04/22/10,33.7,,
04/23/10,33.5,,
04/24/10,33.4,,
04/25/10,33.3,,
04/26/10,33.3,,
04/27/10,33.2,,
04/28/10,33.1,,
04/29/10,33.1,,
04/30/10,33.1,,
05/01/10,33.0,,
05/02/10,33.0,,
05/03/10,33.0,,
05/04/10,32.9,,
05/05/10,32.9,,
05/06/10,32.8,,
05/07/10,32.8,,
05/08/10,32.8,,
05/09/10,32.8,,
05/10/10,32.8,,
05/11/10,32.7,,
05/12/10,32.8,,
05/13/10,32.7,,
05/14/10,32.7,,
05/15/10,32.7,,
05/16/10,32.7,,
05/17/10,32.7,,
05/18/10,32.6,,
05/19/10,32.7,,
05/20/10,32.7,,
05/21/10,32.7,,
05/22/10,32.7,,
05/23/10,,,
05/24/10,32.7,,
05/25/10,32.7,,
05/26/10,32.6,,
05/27/10,32.6,,
05/28/10,32.6,,
05/29/10,,,
05/30/10,,,
05/31/10,,,
06/01/10,,,
06/02/10,,,
06/03/10,,,
06/04/10,,,
06/05/10,,,
06/06/10,,,
06/07/10,,,
06/08/10,32.6,,
06/09/10,32.6,,
06/10/10,32.6,,
06/11/10,32.6,,
06/12/10,32.6,,
06/13/10,32.6,,
06/14/10,32.6,,
06/15/10,32.6,,
06/16/10,32.5,,
06/17/10,32.6,,
06/18/10,32.6,,
06/19/10,32.6,,
06/20/10,32.6,,
06/21/10,32.6,,
06/22/10,32.6,,
06/23/10,32.6,,
06/24/10,32.6,,
06/25/10,32.6,,
06/26/10,32.6,,
06/27/10,32.6,,
06/28/10,32.6,,
06/29/10,32.6,,
06/30/10,32.6,,
07/01/10,32.5,,
07/02/10,32.5,,
07/03/10,32.5,,
07/04/10,,,
07/05/10,,,
07/06/10,,,
07/07/10,,,
07/08/10,,,
07/09/10,32.6,,
07/10/10,32.6,,
07/11/10,32.7,,
07/12/10,32.6,,
07/13/10,32.5,,
07/14/10,32.5,,
07/15/10,32.6,,
07/16/10,32.7,,
07/17/10,32.7,,
07/18/10,32.6,,
07/19/10,32.7,,
07/20/10,32.8,,
07/21/10,32.9,,
07/22/10,33.0,,
07/23/10,33.0,,
07/24/10,32.9,,
07/25/10,32.9,,
07/26/10,32.9,,
07/27/10,32.9,,
07/28/10,32.8,,
07/29/10,32.8,,
07/30/10,32.8,,
07/31/10,32.8,,
08/01/10,32.9,,
08/02/10,,,
08/03/10,,,
08/04/10,,,
08/05/10,,,
08/06/10,,,
08/07/10,,,
08/08/10,,,
08/09/10,,,
08/10/10,,,
08/11/10,,,
08/12/10,,,
08/13/10,,,
08/14/10,,,
08/15/10,,,
08/16/10,,,
08/17/10,,,
08/18/10,,,
08/19/10,,,
08/20/10,,,
08/21/10,,,
08/22/10,,,
08/23/10,,,
08/24/10,,,
08/25/10,,,
08/26/10,,,
08/27/10,,,
08/28/10,,,
08/29/10,,,
08/30/10,,,
08/31/10,,,
09/01/10,,,
09/02/10,,,
09/03/10,,,
09/04/10,,,
09/05/10,,,
09/06/10,,,
09/07/10,,,
09/08/10,,,
09/09/10,,,
09/10/10,,,
09/11/10,,,
09/12/10,,,
09/13/10,,,
09/14/10,,,
09/15/10,,,
09/16/10,,,
09/17/10,,,
09/18/10,,,
09/19/10,,,
09/20/10,,,
09/21/10,,,
09/22/10,,,
09/23/10,,,
09/24/10,,,
09/25/10,,,
09/26/10,,,
09/27/10,,,
09/28/10,,,
09/29/10,,,
09/30/10,,,
10/01/10,,,
10/02/10,,,
10/03/10,,,
10/04/10,,,
10/05/10,,,
10/06/10,,,
10/07/10,,,
10/08/10,,,
10/09/10,,,
10/10/10,,,
10/11/10,,,
10/12/10,,,
10/13/10,,,
10/14/10,,,
10/15/10,,,
10/16/10,,,
10/17/10,,,
10/18/10,,,
10/19/10,,,
10/20/10,,,
10/21/10,,,
10/22/10,,,
10/23/10,,,
10/24/10,,,
10/25/10,,,
10/26/10,,,
10/27/10,33.2,,
10/28/10,33.3,,
10/29/10,33.3,,
10/30/10,33.4,,
10/31/10,33.5,,
11/01/10,33.5,,
11/02/10,33.6,,
11/03/10,33.9,,
11/04/10,34.1,,
11/05/10,34.3,,
11/06/10,34.4,,
11/07/10,34.5,,
11/08/10,34.6,,
11/09/10,34.8,,
11/10/10,34.8,,
11/11/10,34.8,,
11/12/10,34.9,,
11/13/10,34.9,,
11/14/10,34.9,,
11/15/10,34.9,,
11/16/10,34.8,,
11/17/10,34.8,,
11/18/10,34.8,,
11/19/10,34.9,,
11/20/10,34.9,,
11/21/10,34.9,,
11/22/10,34.8,,
11/23/10,34.8,,
11/24/10,34.8,,
11/25/10,34.7,,
11/26/10,34.6,,
11/27/10,34.6,,
11/28/10,34.5,,
11/29/10,34.4,,
11/30/10,34.4,,
12/01/10,34.3,,
12/02/10,34.2,,
12/03/10,34.1,,
12/04/10,34.1,,
12/05/10,34.0,,
12/06/10,33.9,,
12/07/10,33.8,,
12/08/10,33.8,,
12/09/10,33.7,,
12/10/10,33.6,,
12/11/10,33.5,,
12/12/10,33.5,,
12/13/10,33.5,,
12/14/10,33.4,,
12/15/10,33.3,,
12/16/10,33.3,,
12/17/10,33.3,,
12/18/10,33.2,,
12/19/10,33.2,,
12/20/10,33.1,,
12/21/10,33.0,,
12/22/10,33.0,,
12/23/10,33.0,,
12/24/10,33.0,,
12/25/10,33.0,,
12/26/10,32.9,,
12/27/10,33.1,,
12/28/10,33.5,,
12/29/10,33.7,,
12/30/10,33.8,,
12/31/10,34.0,,
01/01/11,34.0,,
01/02/11,34.1,,
01/03/11,34.1,,
01/04/11,34.1,,
01/05/11,34.1,,
01/06/11,34.0,,
01/07/11,34.0,,
01/08/11,33.9,,
01/09/11,33.9,,
01/10/11,33.8,,
01/11/11,33.8,,
01/12/11,33.9,,
01/13/11,34.0,,
01/14/11,34.1,,
01/15/11,34.2,,
01/16/11,34.4,,
01/17/11,34.6,,
01/18/11,34.7,,
01/19/11,34.8,,
01/20/11,34.8,,
01/21/11,34.8,,
01/22/11,34.8,,
01/23/11,34.7,,
01/24/11,34.6,,
01/25/11,34.5,,
01/26/11,34.5,,
01/27/11,34.4,,
01/28/11,34.3,,
01/29/11,34.3,,
01/30/11,34.2,,
01/31/11,34.1,,
02/01/11,34.0,,
02/02/11,33.9,,
02/03/11,33.9,,
02/04/11,33.9,,
02/05/11,34.1,,
02/06/11,34.4,,
02/07/11,34.7,,
02/08/11,34.9,,
02/09/11,35.0,,
02/10/11,35.0,,
02/11/11,35.0,,
02/12/11,35.0,,
02/13/11,35.0,,
02/14/11,35.0,,
02/15/11,35.0,,
02/16/11,34.9,,
02/17/11,34.9,,
02/18/11,34.9,,
02/19/11,34.8,,
02/20/11,34.8,,
02/21/11,34.8,,
02/22/11,34.7,,
02/23/11,34.7,,
02/24/11,34.7,,
02/25/11,34.6,,
02/26/11,34.6,,
02/27/11,34.6,,
02/28/11,34.5,,
03/01/11,34.5,,
03/02/11,34.4,,
03/03/11,34.3,,
03/04/11,34.3,,
03/05/11,34.2,,
03/06/11,34.1,,
03/07/11,34.0,,
03/08/11,33.9,,
03/09/11,33.8,,
03/10/11,33.7,,
03/11/11,33.6,,
03/12/11,33.7,,
03/13/11,33.8,,
03/14/11,33.9,,
03/15/11,33.9,,
03/16/11,33.9,,
03/17/11,33.8,,
03/18/11,33.8,,
03/19/11,33.7,,
03/20/11,33.6,,
03/21/11,33.6,,
03/22/11,33.5,,
03/23/11,33.5,,
03/24/11,33.4,,
03/25/11,33.4,,
03/26/11,33.3,,
03/27/11,33.2,,
03/28/11,33.2,,
03/29/11,33.1,,
03/30/11,33.1,,
03/31/11,33.0,,
04/01/11,33.0,,
04/02/11,33.0,,
04/03/11,33.0,,
04/04/11,33.0,,
04/05/11,33.1,,
04/06/11,33.2,,
04/07/11,33.3,,
04/08/11,33.3,,
04/09/11,33.3,,
04/10/11,33.3,,
04/11/11,33.3,,
04/12/11,33.2,,
04/13/11,33.1,,
04/14/11,33.1,,
04/15/11,33.1,,
04/16/11,33.0,,
04/17/11,33.0,,
04/18/11,33.0,,
04/19/11,32.9,,
04/20/11,32.9,,
04/21/11,32.9,,
04/22/11,32.9,,
04/23/11,32.9,,
04/24/11,32.9,,
04/25/11,32.8,,
04/26/11,32.8,,
04/27/11,32.8,,
04/28/11,32.8,,
04/29/11,32.7,,
04/30/11,32.7,,
05/01/11,32.7,,
05/02/11,32.6,,
05/03/11,32.6,,
05/04/11,32.6,,
05/05/11,32.6,,
05/06/11,32.6,,
05/07/11,32.7,,
05/08/11,32.6,,
05/09/11,32.6,,
05/10/11,32.7,,
05/11/11,32.7,,
05/12/11,32.7,,
05/13/11,32.7,,
05/14/11,32.7,,
05/15/11,32.7,,
05/16/11,32.7,,
05/17/11,32.7,,
05/18/11,32.7,,
05/19/11,32.7,,
05/20/11,32.7,,
05/21/11,32.7,,
05/22/11,32.7,,
05/23/11,32.8,,
05/24/11,32.9,,
05/25/11,32.9,,
05/26/11,32.9,,
05/27/11,32.9,,
05/28/11,32.9,,
05/29/11,32.9,,
05/30/11,32.9,,
05/31/11,32.9,,
06/01/11,32.9,,
06/02/11,32.9,,
06/03/11,32.9,,
06/04/11,32.9,,
06/05/11,32.9,,
06/06/11,32.8,,
06/07/11,32.8,,
06/08/11,32.9,,
06/09/11,32.9,,
06/10/11,32.9,,
06/11/11,32.9,,
06/12/11,32.9,,
06/13/11,32.9,,
06/14/11,32.9,,
06/15/11,32.9,,
06/16/11,32.9,,
06/17/11,32.9,,
06/18/11,32.9,,
06/19/11,32.9,,
06/20/11,32.9,,
06/21/11,32.9,,
06/22/11,32.9,,
06/23/11,32.9,,
06/24/11,32.9,,
06/25/11,33.0,,
06/26/11,33.0,,
06/27/11,33.0,,
06/28/11,33.0,,
06/29/11,32.9,,
06/30/11,32.9,,
07/01/11,32.9,,
07/02/11,32.8,,
07/03/11,32.8,,
07/04/11,32.8,,
07/05/11,32.8,,
07/06/11,32.7,,
07/07/11,32.7,,
07/08/11,32.8,,
07/09/11,33.0,,
07/10/11,33.0,,
07/11/11,32.9,,
07/12/11,32.8,,
07/13/11,32.8,,
07/14/11,32.8,,
07/15/11,32.7,,
07/16/11,32.7,,
07/17/11,32.7,,
07/18/11,32.7,,
07/19/11,32.7,,
07/20/11,32.7,,
07/21/11,32.7,,
07/22/11,32.7,,
07/23/11,32.6,,
07/24/11,32.6,,
07/25/11,32.6,,
07/26/11,32.6,,
07/27/11,32.6,,
07/28/11,32.6,,
07/29/11,32.6,,
07/30/11,32.6,,
07/31/11,32.5,,
08/01/11,32.6,,
08/02/11,32.7,,
08/03/11,32.6,,
08/04/11,32.5,,
08/05/11,32.5,,
08/06/11,32.6,,
08/07/11,32.6,,
08/08/11,32.6,,
08/09/11,32.6,,
08/10/11,32.6,,
08/11/11,32.7,,
08/12/11,32.8,,
08/13/11,32.9,,
08/14/11,32.9,,
08/15/11,32.9,,
08/16/11,32.9,,
08/17/11,33.0,,
08/18/11,32.9,,
08/19/11,32.9,,
08/20/11,32.9,,
08/21/11,32.9,,
08/22/11,32.9,,
08/23/11,32.9,,
08/24/11,32.8,,
08/25/11,32.8,,
08/26/11,32.7,,
08/27/11,32.7,,
08/28/11,32.7,,
08/29/11,32.7,,
08/30/11,32.7,,
08/31/11,32.7,,
09/01/11,32.7,,
09/02/11,32.7,,
09/03/11,32.7,,
09/04/11,32.7,,
09/05/11,32.7,,
09/06/11,32.8,,
09/07/11,32.9,,
09/08/11,32.9,,
09/09/11,32.9,,
09/10/11,32.9,,
09/11/11,32.9,,
09/12/11,32.9,,
09/13/11,32.9,,
09/14/11,33.0,,
09/15/11,33.0,,
09/16/11,33.0,,
09/17/11,33.0,,
09/18/11,33.1,,
09/19/11,33.1,,
09/20/11,33.1,,
09/21/11,33.1,,
09/22/11,33.2,,
09/23/11,33.2,,
09/24/11,33.3,,
09/25/11,33.3,,
09/26/11,33.3,,
09/27/11,33.3,,
09/28/11,33.3,,
09/29/11,33.2,,
09/30/11,33.2,,
10/01/11,33.2,,
10/02/11,33.3,,
10/03/11,33.4,,
10/04/11,33.5,,
10/05/11,33.5,,
10/06/11,33.5,,
10/07/11,33.5,,
10/08/11,33.5,,
10/09/11,33.5,,
10/10/11,33.5,,
10/11/11,33.6,,
10/12/11,33.7,,
10/13/11,33.8,,
10/14/11,33.8,,
10/15/11,33.8,,
10/16/11,33.8,,
10/17/11,33.8,,
10/18/11,33.9,,
10/19/11,34.0,,
10/20/11,34.0,,
10/21/11,34.0,,
10/22/11,34.1,,
10/23/11,34.2,,
10/24/11,34.3,,
10/25/11,34.5,,
10/26/11,34.7,,
10/27/11,34.7,,
10/28/11,34.8,,
10/29/11,34.8,,
10/30/11,34.8,,
10/31/11,34.8,,
11/01/11,34.9,,
11/02/11,34.9,,
11/03/11,34.9,,
11/04/11,34.9,,
11/05/11,34.9,,
11/06/11,34.9,,
11/07/11,34.8,,
11/08/11,34.8,,
11/09/11,34.8,,
11/10/11,34.7,,
11/11/11,34.7,,
11/12/11,34.6,,
11/13/11,34.6,,
11/14/11,34.5,,
11/15/11,34.5,,
11/16/11,34.4,,
11/17/11,34.4,,
11/18/11,34.4,,
11/19/11,34.4,,
11/20/11,34.5,,
11/21/11,34.5,,
11/22/11,34.5,,
11/23/11,34.5,,
11/24/11,34.5,,
11/25/11,34.5,,
11/26/11,34.6,,
11/27/11,34.6,,
11/28/11,34.6,,
11/29/11,34.7,,
11/30/11,34.8,,
12/01/11,35.0,,
12/02/11,35.0,,
12/03/11,35.0,,
12/04/11,35.1,,
12/05/11,35.0,,
12/06/11,35.0,,
12/07/11,35.0,,
12/08/11,35.0,,
12/09/11,35.0,,
12/10/11,35.0,,
12/11/11,35.0,,
12/12/11,35.0,,
12/13/11,34.9,,
12/14/11,35.0,,
12/15/11,35.0,,
12/16/11,35.0,,
12/17/11,35.0,,
12/18/11,34.9,,
12/19/11,34.9,,
12/20/11,34.9,,
12/21/11,34.9,,
12/22/11,34.9,,
12/23/11,34.9,,
12/24/11,34.9,,
12/25/11,34.9,,
12/26/11,34.9,,
12/27/11,34.9,,
12/28/11,34.8,,
12/29/11,34.9,,
12/30/11,34.9,,
12/31/11,34.9,,
01/01/12,34.9,,
01/02/12,35.0,,
01/03/12,35.0,,
01/04/12,35.0,,
01/05/12,35.1,,
01/06/12,35.1,,
01/07/12,35.1,,
01/08/12,35.0,,
01/09/12,35.0,,
01/10/12,35.0,,
01/11/12,34.9,,
01/12/12,34.9,,
01/13/12,34.9,,
01/14/12,34.8,,
01/15/12,34.8,,
01/16/12,34.7,,
01/17/12,34.7,,
01/18/12,34.6,,
01/19/12,34.5,,
01/20/12,34.5,,
01/21/12,34.4,,
01/22/12,34.4,,
01/23/12,34.4,,
01/24/12,34.3,,
01/25/12,34.3,,
01/26/12,34.3,,
01/27/12,34.3,,
01/28/12,34.3,,
01/29/12,34.4,,
01/30/12,34.5,,
01/31/12,34.6,,
02/01/12,34.7,,
02/02/12,34.7,,
02/03/12,34.7,,
02/04/12,34.6,,
02/05/12,34.6,,
02/06/12,34.6,,
02/07/12,34.6,,
02/08/12,34.5,,
02/09/12,34.5,,
02/10/12,34.5,,
02/11/12,34.5,,
02/12/12,34.5,,
02/13/12,34.5,,
02/14/12,34.4,,
02/15/12,34.4,,
02/16/12,34.3,,
02/17/12,34.3,,
02/18/12,34.2,,
02/19/12,34.2,,
02/20/12,34.1,,
02/21/12,34.1,,
02/22/12,34.1,,
02/23/12,34.1,,
02/24/12,34.2,,
02/25/12,34.2,,
02/26/12,34.2,,
02/27/12,34.2,,
02/28/12,34.1,,
02/29/12,34.1,,
03/01/12,34.0,,
03/02/12,33.9,,
03/03/12,33.9,,
03/04/12,33.8,,
03/05/12,33.7,,
03/06/12,33.7,,
03/07/12,33.6,,
03/08/12,33.6,,
03/09/12,33.5,,
03/10/12,33.5,,
03/11/12,33.5,,
03/12/12,33.4,,
03/13/12,33.4,,
03/14/12,33.3,,
03/15/12,33.2,,
03/16/12,33.2,,
03/17/12,33.2,,
03/18/12,33.3,,
03/19/12,33.3,,
03/20/12,33.2,,
03/21/12,33.1,,
03/22/12,33.1,,
03/23/12,33.0,,
03/24/12,33.0,,
03/25/12,32.9,,
03/26/12,32.9,,
03/27/12,32.8,,
03/28/12,32.8,,
03/29/12,32.8,,
03/30/12,32.8,,
03/31/12,32.8,,
04/01/12,32.7,,
04/02/12,32.7,,
04/03/12,32.7,,
04/04/12,32.7,,
04/05/12,32.7,,
04/06/12,32.7,,
04/07/12,32.7,,
04/08/12,32.7,,
04/09/12,32.7,,
04/10/12,32.7,,
04/11/12,32.7,,
04/12/12,32.7,,
04/13/12,32.7,,
04/14/12,32.7,,
04/15/12,32.7,,
04/16/12,32.6,,
04/17/12,32.7,,
04/18/12,32.8,,
04/19/12,32.8,,
04/20/12,32.8,,
04/21/12,32.8,,
04/22/12,32.8,,
04/23/12,32.8,,
04/24/12,32.8,,
04/25/12,32.8,,
04/26/12,32.8,,
04/27/12,32.8,,
04/28/12,32.8,,
04/29/12,32.8,,
04/30/12,32.8,,
05/01/12,32.7,,
05/02/12,32.7,,
05/03/12,32.7,,
05/04/12,32.7,,
05/05/12,32.6,,
05/06/12,32.6,,
05/07/12,32.7,,
05/08/12,32.8,,
05/09/12,32.7,,
05/10/12,32.7,,
05/11/12,32.8,,
05/12/12,32.8,,
05/13/12,32.7,,
05/14/12,32.7,,
05/15/12,32.7,,
05/16/12,32.7,,
05/17/12,32.7,,
05/18/12,32.7,,
05/19/12,32.8,,
05/20/12,32.7,,
05/21/12,32.7,,
05/22/12,32.7,,
05/23/12,32.7,,
05/24/12,32.7,,
05/25/12,32.7,,
05/26/12,32.7,,
05/27/12,32.6,,
05/28/12,32.6,,
05/29/12,32.6,,
05/30/12,32.6,,
05/31/12,32.6,,
06/01/12,32.7,,
06/02/12,32.6,,
06/03/12,32.7,,
06/04/12,32.8,,
06/05/12,32.7,,
06/06/12,32.7,,
06/07/12,32.7,,
06/08/12,33.1,,
06/09/12,33.7,,
06/10/12,33.9,,
06/11/12,33.9,,
06/12/12,34.0,,
06/13/12,34.0,,
06/14/12,34.1,,
06/15/12,34.1,,
06/16/12,34.2,,
06/17/12,34.2,,
06/18/12,34.2,,
06/19/12,34.2,,
06/20/12,34.1,,
06/21/12,34.1,,
06/22/12,34.3,,
06/23/12,34.4,,
06/24/12,34.4,,
06/25/12,34.3,,
06/26/12,34.2,,
06/27/12,34.2,,
06/28/12,34.2,,
06/29/12,34.3,,
06/30/12,34.4,,
07/01/12,34.4,,
07/02/12,34.4,,
07/03/12,34.4,,
07/04/12,34.4,,
07/05/12,34.5,,
07/06/12,34.5,,
07/07/12,34.5,,
07/08/12,34.4,,
07/09/12,34.4,,
07/10/12,34.4,,
07/11/12,34.3,,
07/12/12,34.2,,
07/13/12,34.2,,
07/14/12,34.1,,
07/15/12,34.0,,
07/16/12,33.9,,
07/17/12,33.9,,
07/18/12,33.9,,
07/19/12,33.9,,
07/20/12,34.0,,
07/21/12,33.9,,
07/22/12,33.8,,
07/23/12,33.8,,
07/24/12,33.8,,
07/25/12,33.9,,
07/26/12,33.9,,
07/27/12,34.0,,
07/28/12,33.9,,
07/29/12,33.8,,
07/30/12,33.7,,
07/31/12,33.6,,
08/01/12,33.6,,
08/02/12,33.6,,
08/03/12,33.6,,
08/04/12,33.6,,
08/05/12,33.6,,
08/06/12,33.6,,
08/07/12,33.5,,
08/08/12,33.5,,
08/09/12,33.4,,
08/10/12,33.4,,
08/11/12,33.3,,
08/12/12,33.3,,
08/13/12,33.4,,
08/14/12,33.6,,
08/15/12,33.7,,
08/16/12,33.8,,
08/17/12,33.9,,
08/18/12,34.0,,
08/19/12,34.0,,
08/20/12,34.0,,
08/21/12,33.9,,
08/22/12,33.8,,
08/23/12,33.8,,
08/24/12,33.7,,
08/25/12,33.7,,
08/26/12,33.7,,
08/27/12,33.7,,
08/28/12,33.6,,
08/29/12,33.6,,
08/30/12,33.6,,
08/31/12,33.6,,
09/01/12,33.5,,
09/02/12,33.5,,
09/03/12,33.5,,
09/04/12,33.4,,
09/05/12,33.3,,
09/06/12,33.3,,
09/07/12,33.2,,
09/08/12,33.2,,
09/09/12,33.1,,
09/10/12,33.1,,
09/11/12,33.1,,
09/12/12,33.1,,
09/13/12,33.0,,
09/14/12,33.0,,
09/15/12,33.0,,
09/16/12,33.0,,
09/17/12,33.0,,
09/18/12,33.0,,
09/19/12,33.0,,
09/20/12,33.0,,
09/21/12,33.0,,
09/22/12,33.1,,
09/23/12,33.0,,
09/24/12,33.0,,
09/25/12,33.0,,
09/26/12,33.1,,
09/27/12,33.1,,
09/28/12,33.0,,
09/29/12,33.0,,
09/30/12,33.0,,
10/01/12,33.0,,
10/02/12,33.1,,
10/03/12,33.2,,
10/04/12,33.3,,
10/05/12,33.4,,
10/06/12,33.4,,
10/07/12,33.4,,
10/08/12,33.4,,
10/09/12,33.4,,
10/10/12,33.3,,
10/11/12,33.4,,
10/12/12,33.7,,
10/13/12,33.8,,
10/14/12,33.8,,
10/15/12,33.8,,
10/16/12,33.8,,
10/17/12,33.9,,
10/18/12,34.1,,
10/19/12,34.3,,
10/20/12,34.4,,
10/21/12,34.5,,
10/22/12,34.5,,
10/23/12,34.4,,
10/24/12,34.4,,
10/25/12,34.3,,
10/26/12,34.2,,
10/27/12,34.1,,
10/28/12,34.0,,
10/29/12,33.9,,
10/30/12,33.8,,
10/31/12,33.8,,
11/01/12,33.9,,
11/02/12,33.9,,
11/03/12,33.9,,
11/04/12,33.9,,
11/05/12,33.9,,
11/06/12,33.9,,
11/07/12,33.8,,
11/08/12,33.8,,
11/09/12,33.7,,
11/10/12,33.7,,
11/11/12,33.7,,
11/12/12,33.7,,
11/13/12,33.7,,
11/14/12,33.9,,
11/15/12,34.0,,
11/16/12,34.1,,
11/17/12,34.1,,
11/18/12,34.1,,
11/19/12,34.1,,
11/20/12,34.3,,
11/21/12,34.4,,
11/22/12,34.4,,
11/23/12,34.5,,
11/24/12,34.6,,
11/25/12,34.6,,
11/26/12,34.6,,
11/27/12,34.6,,
11/28/12,34.5,,
11/29/12,34.5,,
11/30/12,34.4,,
12/01/12,34.3,,
12/02/12,34.3,,
12/03/12,34.2,,
12/04/12,34.2,,
12/05/12,34.2,,
12/06/12,34.2,,
12/07/12,34.2,,
12/08/12,34.3,,
12/09/12,34.3,,
12/10/12,34.3,,
12/11/12,34.2,,
12/12/12,34.2,,
12/13/12,34.2,,
12/14/12,34.1,,
12/15/12,34.1,,
12/16/12,34.1,,
12/17/12,34.1,,
12/18/12,34.1,,
12/19/12,34.1,,
12/20/12,34.2,,
12/21/12,34.2,,
12/22/12,34.3,,
12/23/12,34.4,,
12/24/12,34.5,,
12/25/12,34.5,,
12/26/12,34.5,,
12/27/12,34.6,,
12/28/12,34.6,,
12/29/12,34.6,,
12/30/12,34.6,,
12/31/12,34.7,,
01/01/13,34.8,,
01/02/13,34.8,,
01/03/13,34.8,,
01/04/13,,,
01/05/13,34.8,,
01/06/13,34.7,,
01/07/13,34.7,,
01/08/13,34.8,,
01/09/13,34.8,,
01/10/13,34.8,,
01/11/13,34.8,,
01/12/13,34.8,,
01/13/13,34.8,,
01/14/13,34.8,,
01/15/13,34.7,,
01/16/13,34.7,,
01/17/13,34.6,,
01/18/13,34.7,,
01/19/13,34.8,,
01/20/13,34.8,,
01/21/13,34.8,,
01/22/13,34.8,,
01/23/13,34.8,,
01/24/13,34.7,,
01/25/13,34.7,,
01/26/13,34.7,,
01/27/13,34.8,,
01/28/13,34.8,,
01/29/13,34.9,,
01/30/13,34.9,,
01/31/13,35.0,,
02/01/13,35.0,,
02/02/13,35.0,,
02/03/13,35.0,,
02/04/13,35.0,,
02/05/13,35.0,,
02/06/13,35.0,,
02/07/13,34.9,,
02/08/13,34.9,,
02/09/13,34.9,,
02/10/13,34.9,,
02/11/13,34.9,,
02/12/13,34.9,,
02/13/13,34.9,,
02/14/13,35.0,,
02/15/13,35.0,,
02/16/13,35.0,,
02/17/13,34.9,,
02/18/13,34.9,,
02/19/13,34.8,,
02/20/13,34.8,,
02/21/13,34.7,,
02/22/13,34.7,,
02/23/13,34.6,,
02/24/13,34.5,,
02/25/13,34.4,,
02/26/13,34.4,,
02/27/13,34.3,,
02/28/13,34.2,,
03/01/13,34.1,,
03/02/13,34.0,,
03/03/13,33.9,,
03/04/13,33.8,,
03/05/13,33.6,,
03/06/13,33.5,,
03/07/13,33.5,,
03/08/13,33.4,,
03/09/13,33.4,,
03/10/13,33.3,,
03/11/13,33.3,,
03/12/13,33.2,,
03/13/13,33.2,,
03/14/13,33.2,,
03/15/13,33.2,,
03/16/13,33.2,,
03/17/13,33.2,,
03/18/13,33.1,,
03/19/13,33.1,,
03/20/13,33.1,,
03/21/13,33.1,,
03/22/13,33.1,,
03/23/13,33.3,,
03/24/13,33.3,,
03/25/13,33.3,,
03/26/13,33.2,,
03/27/13,33.2,,
03/28/13,33.1,,
03/29/13,33.1,,
03/30/13,33.0,,
03/31/13,33.0,,
04/01/13,33.0,,
04/02/13,32.9,,
04/03/13,32.7,,
04/04/13,32.7,,
04/05/13,32.8,,
04/06/13,32.8,,
04/07/13,32.8,,
04/08/13,32.8,,
04/09/13,32.8,,
04/10/13,32.8,,
04/11/13,32.8,,
04/12/13,32.8,,
04/13/13,32.9,,
04/14/13,32.9,,
04/15/13,33.0,,
04/16/13,33.0,,
04/17/13,33.1,,
04/18/13,33.4,,
04/19/13,33.7,,
04/20/13,33.8,,
04/21/13,33.8,,
04/22/13,33.8,,
04/23/13,33.8,,
04/24/13,33.8,,
04/25/13,33.7,,
04/26/13,33.7,,
04/27/13,33.7,,
04/28/13,33.6,,
04/29/13,33.6,,
04/30/13,33.5,,
05/01/13,33.5,,
05/02/13,33.4,,
05/03/13,33.3,,
05/04/13,33.3,,
05/05/13,33.2,,
05/06/13,33.2,,
05/07/13,33.2,,
05/08/13,33.1,,
05/09/13,33.1,,
05/10/13,33.3,,
05/11/13,33.4,,
05/12/13,33.5,,
05/13/13,33.6,,
05/14/13,33.6,,
05/15/13,33.6,,
05/16/13,33.6,,
05/17/13,33.5,,
05/18/13,33.5,,
05/19/13,33.5,,
05/20/13,33.5,,
05/21/13,33.5,,
05/22/13,33.4,,
05/23/13,33.4,,
05/24/13,33.3,,
05/25/13,33.3,,
05/26/13,33.2,,
05/27/13,33.2,,
05/28/13,33.2,,
05/29/13,33.2,,
05/30/13,33.2,,
05/31/13,33.1,,
06/01/13,33.0,,
06/02/13,33.0,,
06/03/13,33.0,,
06/04/13,33.0,,
06/05/13,33.0,,
06/06/13,33.0,,
06/07/13,33.0,,
06/08/13,32.9,,
06/09/13,32.9,,
06/10/13,32.8,,
06/11/13,32.8,,
06/12/13,32.9,,
06/13/13,32.9,,
06/14/13,32.8,,
06/15/13,32.8,,
06/16/13,32.8,,
06/17/13,32.8,,
06/18/13,32.8,,
06/19/13,32.8,,
06/20/13,32.8,,
06/21/13,32.8,,
06/22/13,32.8,,
06/23/13,32.8,,
06/24/13,32.7,,
06/25/13,32.7,,
06/26/13,32.6,,
06/27/13,32.6,,
06/28/13,32.6,,
06/29/13,32.6,,
06/30/13,32.6,,
07/01/13,32.6,,
07/02/13,32.6,,
07/03/13,32.6,,
07/04/13,32.6,,
07/05/13,32.6,,
07/06/13,32.6,,
07/07/13,32.6,,
07/08/13,32.6,,
07/09/13,32.6,,
07/10/13,32.6,,
07/11/13,32.6,,
07/12/13,32.6,,
07/13/13,32.6,,
07/14/13,32.6,,
07/15/13,32.5,,
07/16/13,32.5,,
07/17/13,32.6,,
07/18/13,32.6,,
07/19/13,32.6,,
07/20/13,32.6,,
07/21/13,32.6,,
07/22/13,32.6,,
07/23/13,32.6,,
07/24/13,32.6,,
07/25/13,32.6,,
07/26/13,32.6,,
07/27/13,32.6,,
07/28/13,32.6,,
07/29/13,32.6,,
07/30/13,32.5,,
07/31/13,32.6,,
08/01/13,32.7,,
08/02/13,32.8,,
08/03/13,32.8,,
08/04/13,32.8,,
08/05/13,32.8,,
08/06/13,32.8,,
08/07/13,32.6,,
08/08/13,32.6,,
08/09/13,32.6,,
08/10/13,32.6,,
08/11/13,32.6,,
08/12/13,32.6,,
08/13/13,32.6,,
08/14/13,32.6,,
08/15/13,32.6,,
08/16/13,32.6,,
08/17/13,32.5,,
08/18/13,32.6,,
08/19/13,32.6,,
08/20/13,32.6,,
08/21/13,32.7,,
08/22/13,32.7,,
08/23/13,32.6,,
08/24/13,32.5,,
08/25/13,32.6,,
08/26/13,32.6,,
08/27/13,32.6,,
08/28/13,32.5,,
08/29/13,32.5,,
08/30/13,32.6,,
08/31/13,32.6,,
09/01/13,32.5,,
09/02/13,32.5,,
09/03/13,32.6,,
09/04/13,32.6,,
09/05/13,32.6,,
09/06/13,32.6,,
09/07/13,32.6,,
09/08/13,32.6,,
09/09/13,32.6,,
09/10/13,32.6,,
09/11/13,32.6,,
09/12/13,32.6,,
09/13/13,32.6,,
09/14/13,32.6,,
09/15/13,32.6,,
09/16/13,32.6,,
09/17/13,32.7,,
09/18/13,32.7,,
09/19/13,32.7,,
09/20/13,32.7,,
09/21/13,32.7,,
09/22/13,32.7,,
09/23/13,32.7,,
09/24/13,32.7,,
09/25/13,32.6,,
09/26/13,32.7,,
09/27/13,32.7,,
09/28/13,32.7,,
09/29/13,32.7,,
09/30/13,32.7,,
10/01/13,32.7,,
10/02/13,32.7,,
10/03/13,32.7,,
10/04/13,32.7,,
10/05/13,32.7,,
10/06/13,32.7,,
10/07/13,32.7,,
10/08/13,32.7,,
10/09/13,32.8,,
10/10/13,32.8,,
10/11/13,32.8,,
10/12/13,32.7,,
10/13/13,32.7,,
10/14/13,32.7,,
10/15/13,32.7,,
10/16/13,32.7,,
10/17/13,32.8,,
10/18/13,32.7,,
10/19/13,32.8,,
10/20/13,32.8,,
10/21/13,32.9,,
10/22/13,33.1,,
10/23/13,33.2,,
10/24/13,33.2,,
10/25/13,33.2,,
10/26/13,33.1,,
10/27/13,33.1,,
10/28/13,33.4,,
10/29/13,33.5,,
10/30/13,33.6,,
10/31/13,33.6,,
11/01/13,33.7,,
11/02/13,33.7,,
11/03/13,33.8,,
11/04/13,33.8,,
11/05/13,33.8,,
11/06/13,33.8,,
11/07/13,33.8,,
11/08/13,33.9,,
11/09/13,33.9,,
11/10/13,33.9,,
11/11/13,34.0,,
11/12/13,34.0,,
11/13/13,34.0,,
11/14/13,34.0,,
11/15/13,34.0,,
11/16/13,34.0,,
11/17/13,33.9,,
11/18/13,33.9,,
11/19/13,34.0,,
11/20/13,34.0,,
11/21/13,34.0,,
11/22/13,33.9,,
11/23/13,33.9,,
11/24/13,33.8,,
11/25/13,33.7,,
11/26/13,33.7,,
11/27/13,33.6,,
11/28/13,33.6,,
11/29/13,33.5,,
11/30/13,33.5,,
12/01/13,33.4,,
12/02/13,33.3,,
12/03/13,33.3,,
12/04/13,33.2,,
12/05/13,33.1,,
12/06/13,33.2,,
12/07/13,33.2,,
12/08/13,33.1,,
12/09/13,33.1,,
12/10/13,33.1,,
12/11/13,33.1,,
12/12/13,33.2,,
12/13/13,33.1,,
12/14/13,33.1,,
12/15/13,33.2,,
12/16/13,33.4,,
12/17/13,33.3,,
12/18/13,33.3,,
12/19/13,33.7,,
12/20/13,33.9,,
12/21/13,34.1,,
12/22/13,34.3,,
12/23/13,34.5,,
12/24/13,34.6,,
12/25/13,34.8,,
12/26/13,34.8,,
12/27/13,34.8,,
12/28/13,35.0,,
12/29/13,35.0,,
12/30/13,35.1,,
12/31/13,35.2,,
01/01/14,35.2,,
01/02/14,35.2,,
01/03/14,35.2,,
01/04/14,35.3,,
01/05/14,35.3,,
01/06/14,35.2,,
01/07/14,35.3,,
01/08/14,35.3,,
01/09/14,35.3,,
01/10/14,35.3,,
01/11/14,35.2,,
01/12/14,35.2,,
01/13/14,35.2,,
01/14/14,35.2,,
01/15/14,35.2,,
01/16/14,35.2,,
01/17/14,35.1,,
01/18/14,35.1,,
01/19/14,35.1,,
01/20/14,35.0,,
01/21/14,35.0,,
01/22/14,35.0,,
01/23/14,34.9,,
01/24/14,34.9,,
01/25/14,34.9,,
01/26/14,35.0,,
01/27/14,35.0,,
01/28/14,35.1,,
01/29/14,35.1,,
01/30/14,35.1,,
01/31/14,35.1,,
02/01/14,35.1,,
02/02/14,35.2,,
02/03/14,35.2,,
02/04/14,35.3,,
02/05/14,35.3,,
02/06/14,35.3,,
02/07/14,35.3,,
02/08/14,35.2,,
02/09/14,35.2,,
02/10/14,35.2,,
02/11/14,35.2,,
02/12/14,35.2,,
02/13/14,35.2,,
02/14/14,35.3,,
02/15/14,35.3,,
02/16/14,35.3,,
02/17/14,35.3,,
02/18/14,35.3,,
02/19/14,35.3,,
02/20/14,35.3,,
02/21/14,35.3,,
02/22/14,35.3,,
02/23/14,35.3,,
02/24/14,35.3,,
02/25/14,35.3,,
02/26/14,35.3,,
02/27/14,35.3,,
02/28/14,35.3,,
03/01/14,35.3,,
03/02/14,35.2,,
03/03/14,35.2,,
03/04/14,35.2,,
03/05/14,35.1,,
03/06/14,35.1,,
03/07/14,35.1,,
03/08/14,35.0,,
03/09/14,35.0,,
03/10/14,35.0,,
03/11/14,35.0,,
03/12/14,35.0,,
03/13/14,34.9,,
03/14/14,34.8,,
03/15/14,34.8,,
03/16/14,34.7,,
03/17/14,34.7,,
03/18/14,34.6,,
03/19/14,34.5,,
03/20/14,34.5,,
03/21/14,34.5,,
03/22/14,34.5,,
03/23/14,34.6,,
03/24/14,34.5,,
03/25/14,34.5,,
03/26/14,34.5,,
03/27/14,34.4,,
03/28/14,34.4,,
03/29/14,34.3,,
03/30/14,34.3,,
03/31/14,34.3,,
04/01/14,34.3,,
04/02/14,34.3,,
04/03/14,34.3,,
04/04/14,34.2,,
04/05/14,34.2,,
04/06/14,34.2,,
04/07/14,34.2,,
04/08/14,34.1,,
04/09/14,34.1,,
04/10/14,34.0,,
04/11/14,34.0,,
04/12/14,33.9,,
04/13/14,33.8,,
04/14/14,33.8,,
04/15/14,33.7,,
04/16/14,33.6,,
04/17/14,33.5,,
04/18/14,33.4,,
04/19/14,33.3,,
04/20/14,33.3,,
04/21/14,33.2,,
04/22/14,33.1,,
04/23/14,33.0,,
04/24/14,33.0,,
04/25/14,33.0,,
04/26/14,33.0,,
04/27/14,33.0,,
04/28/14,33.0,,
04/29/14,32.9,,
04/30/14,32.9,,
05/01/14,33.0,,
05/02/14,33.0,,
05/03/14,32.9,,
05/04/14,32.9,,
05/05/14,32.9,,
05/06/14,32.9,,
05/07/14,32.9,,
05/08/14,32.9,,
05/09/14,32.9,,
05/10/14,33.1,,
05/11/14,33.2,,
05/12/14,33.2,,
05/13/14,33.3,,
05/14/14,33.3,,
05/15/14,33.3,,
05/16/14,33.3,,
05/17/14,33.2,,
05/18/14,33.1,,
05/19/14,33.1,,
05/20/14,33.2,,
05/21/14,33.2,,
05/22/14,33.3,,
05/23/14,33.3,,
05/24/14,33.4,,
05/25/14,33.3,,
05/26/14,33.3,,
05/27/14,33.3,,
05/28/14,33.2,,
05/29/14,33.2,,
05/30/14,33.1,,
05/31/14,33.1,,
06/01/14,33.1,,
06/02/14,33.1,,
06/03/14,33.1,,
06/04/14,33.0,,
06/05/14,33.0,,
06/06/14,33.0,,
06/07/14,33.0,,
06/08/14,33.0,,
06/09/14,33.0,,
06/10/14,33.0,,
06/11/14,33.0,,
06/12/14,33.0,,
06/13/14,33.0,,
06/14/14,33.0,,
06/15/14,33.0,,
06/16/14,32.9,,
06/17/14,32.9,,
06/18/14,32.8,,
06/19/14,32.8,,
06/20/14,32.7,,
06/21/14,32.7,,
06/22/14,32.7,,
06/23/14,32.6,,
06/24/14,32.6,,
06/25/14,32.7,,
06/26/14,32.7,,
06/27/14,32.7,,
06/28/14,32.7,,
06/29/14,32.7,,
06/30/14,32.7,,
07/01/14,32.6,,
07/02/14,32.6,,
07/03/14,32.6,,
07/04/14,32.6,,
07/05/14,32.6,,
07/06/14,32.6,,
07/07/14,32.6,,
07/08/14,32.6,,
07/09/14,32.6,,
07/10/14,32.6,,
07/11/14,32.6,,
07/12/14,32.6,,
07/13/14,32.6,,
07/14/14,32.6,,
07/15/14,32.6,,
07/16/14,32.6,,
07/17/14,32.6,,
07/18/14,32.6,,
07/19/14,32.6,,
07/20/14,32.6,,
07/21/14,32.6,,
07/22/14,32.6,,
07/23/14,32.6,,
07/24/14,32.6,,
07/25/14,32.6,,
07/26/14,32.6,,
07/27/14,32.6,,
07/28/14,32.6,,
07/29/14,32.6,,
07/30/14,32.6,,
07/31/14,32.5,,
08/01/14,32.6,,
08/02/14,32.6,,
08/03/14,32.7,,
08/04/14,32.7,,
08/05/14,32.6,,
08/06/14,32.6,,
08/07/14,32.7,,
08/08/14,32.8,,
08/09/14,32.8,,
08/10/14,32.8,,
08/11/14,32.8,,
08/12/14,32.7,,
08/13/14,32.7,,
08/14/14,32.7,,
08/15/14,32.7,,
08/16/14,32.7,,
08/17/14,32.7,,
08/18/14,32.6,,
08/19/14,32.6,,
08/20/14,32.6,,
08/21/14,32.6,,
08/22/14,32.6,,
08/23/14,32.6,,
08/24/14,32.5,,
08/25/14,32.5,,
08/26/14,32.6,,
08/27/14,32.6,,
08/28/14,32.7,,
08/29/14,32.7,,
08/30/14,32.8,,
08/31/14,32.8,,
09/01/14,32.8,,
09/02/14,32.8,,
09/03/14,32.8,,
09/04/14,32.8,,
09/05/14,32.8,,
09/06/14,32.8,,
09/07/14,32.8,,
09/08/14,32.8,,
09/09/14,32.8,,
09/10/14,32.8,,
09/11/14,32.8,,
09/12/14,32.8,,
09/13/14,32.7,,
09/14/14,32.6,,
09/15/14,32.6,,
09/16/14,32.7,,
09/17/14,32.7,,
09/18/14,32.6,,
09/19/14,32.6,,
09/20/14,32.6,,
09/21/14,32.6,,
09/22/14,32.6,,
09/23/14,32.6,,
09/24/14,32.6,,
09/25/14,32.6,,
09/26/14,32.5,,
09/27/14,32.6,,
09/28/14,32.6,,
09/29/14,32.6,,
09/30/14,32.6,,
10/01/14,32.6,,
10/02/14,32.6,,
10/03/14,32.6,,
10/04/14,32.7,,
10/05/14,32.7,,
10/06/14,32.7,,
10/07/14,32.7,,
10/08/14,32.7,,
10/09/14,32.7,,
10/10/14,32.7,,
10/11/14,32.7,,
10/12/14,32.6,,
10/13/14,32.6,,
10/14/14,32.6,,
10/15/14,32.6,,
10/16/14,32.6,,
10/17/14,32.6,,
10/18/14,32.6,,
10/19/14,32.7,,
10/20/14,32.7,,
10/21/14,32.7,,
10/22/14,32.9,,
10/23/14,32.9,,
10/24/14,32.9,,
10/25/14,32.9,,
10/26/14,32.9,,
10/27/14,32.9,,
10/28/14,33.0,,
10/29/14,33.1,,
10/30/14,33.1,,
10/31/14,33.1,,
11/01/14,33.2,,
11/02/14,33.3,,
11/03/14,33.5,,
11/04/14,33.7,,
11/05/14,33.8,,
11/06/14,33.9,,
11/07/14,34.1,,
11/08/14,34.3,,
11/09/14,34.4,,
11/10/14,34.4,,
11/11/14,34.5,,
11/12/14,34.5,,
11/13/14,34.6,,
11/14/14,34.8,,
11/15/14,35.0,,
11/16/14,35.1,,
11/17/14,35.1,,
11/18/14,35.1,,
11/19/14,35.1,,
11/20/14,35.1,,
11/21/14,35.1,,
11/22/14,35.0,,
11/23/14,35.0,,
11/24/14,34.9,,
11/25/14,34.9,,
11/26/14,34.8,,
11/27/14,34.8,,
11/28/14,34.7,,
11/29/14,34.7,,
11/30/14,34.6,,
12/01/14,34.5,,
12/02/14,34.5,,
12/03/14,34.4,,
12/04/14,34.3,,
12/05/14,34.3,,
12/06/14,34.2,,
12/07/14,34.1,,
12/08/14,34.1,,
12/09/14,34.0,,
12/10/14,34.0,,
12/11/14,34.0,,
12/12/14,34.2,,
12/13/14,34.3,,
12/14/14,34.3,,
12/15/14,34.3,,
12/16/14,34.3,,
12/17/14,34.4,,
12/18/14,34.4,,
12/19/14,34.5,,
12/20/14,34.5,,
12/21/14,34.5,,
12/22/14,34.5,,
12/23/14,34.6,,
12/24/14,34.6,,
12/25/14,34.7,,
12/26/14,34.7,,
12/27/14,34.7,,
12/28/14,34.8,,
12/29/14,34.7,,
12/30/14,34.7,,
12/31/14,34.7,,
01/01/15,34.7,,
01/02/15,34.7,,
01/03/15,34.7,,
01/04/15,34.7,,
01/05/15,34.7,,
01/06/15,34.7,,
01/07/15,34.7,,
01/08/15,34.7,,
01/09/15,34.7,,
01/10/15,34.8,,
01/11/15,34.9,,
01/12/15,34.9,,
01/13/15,34.9,,
01/14/15,34.9,,
01/15/15,35.0,,
01/16/15,35.1,,
01/17/15,35.1,,
01/18/15,35.1,,
01/19/15,35.1,,
01/20/15,35.1,,
01/21/15,35.0,,
01/22/15,35.0,,
01/23/15,35.0,,
01/24/15,34.9,,
01/25/15,34.9,,
01/26/15,34.8,,
01/27/15,34.8,,
01/28/15,34.7,,
01/29/15,34.7,,
01/30/15,34.7,,
01/31/15,34.8,,
02/01/15,34.7,,
02/02/15,34.7,,
02/03/15,34.7,,
02/04/15,34.7,,
02/05/15,34.6,,
02/06/15,34.6,,
02/07/15,34.5,,
02/08/15,34.4,,
02/09/15,34.4,,
02/10/15,34.3,,
02/11/15,34.2,,
02/12/15,34.2,,
02/13/15,34.1,,
02/14/15,34.1,,
02/15/15,34.0,,
02/16/15,34.0,,
02/17/15,33.9,,
02/18/15,33.9,,
02/19/15,33.8,,
02/20/15,33.8,,
02/21/15,33.8,,
02/22/15,33.7,,
02/23/15,33.8,,
02/24/15,33.9,,
02/25/15,34.0,,
02/26/15,34.1,,
02/27/15,34.3,,
02/28/15,34.3,,
03/01/15,34.3,,
03/02/15,34.4,,
03/03/15,34.4,,
03/04/15,34.5,,
03/05/15,34.5,,
03/06/15,34.5,,
03/07/15,34.5,,
03/08/15,34.5,,
03/09/15,34.5,,
03/10/15,34.5,,
03/11/15,34.5,,
03/12/15,34.5,,
03/13/15,34.5,,
03/14/15,34.5,,
03/15/15,34.5,,
03/16/15,34.5,,
03/17/15,34.5,,
03/18/15,34.4,,
03/19/15,34.3,,
03/20/15,34.3,,
03/21/15,34.2,,
03/22/15,34.1,,
03/23/15,34.0,,
03/24/15,34.0,,
03/25/15,33.9,,
03/26/15,33.8,,
03/27/15,33.8,,
03/28/15,33.8,,
03/29/15,33.8,,
03/30/15,33.9,,
03/31/15,34.1,,
04/01/15,34.2,,
04/02/15,34.2,,
04/03/15,34.3,,
04/04/15,34.3,,
04/05/15,34.4,,
04/06/15,34.3,,
04/07/15,34.3,,
04/08/15,34.3,,
04/09/15,34.2,,
04/10/15,34.1,,
04/11/15,34.0,,
04/12/15,34.0,,
04/13/15,34.1,,
04/14/15,34.1,,
04/15/15,34.1,,
04/16/15,34.0,,
04/17/15,33.9,,
04/18/15,33.8,,
04/19/15,33.7,,
04/20/15,33.6,,
04/21/15,33.5,,
04/22/15,33.4,,
04/23/15,33.3,,
04/24/15,33.2,,
04/25/15,33.1,,
04/26/15,33.1,,
04/27/15,33.0,,
04/28/15,33.0,,
04/29/15,33.0,,
04/30/15,33.0,,
05/01/15,33.0,,
05/02/15,33.0,,
05/03/15,33.2,,
05/04/15,33.5,,
05/05/15,33.7,,
05/06/15,34.0,,
05/07/15,34.1,,
05/08/15,34.1,,
05/09/15,34.2,,
05/10/15,34.2,,
05/11/15,34.2,,
05/12/15,34.2,,
05/13/15,34.2,,
05/14/15,34.2,,
05/15/15,34.1,,
05/16/15,34.1,,
05/17/15,34.0,,
05/18/15,33.9,,
05/19/15,33.9,,
05/20/15,33.9,,
05/21/15,33.8,,
05/22/15,33.8,,
05/23/15,33.7,,
05/24/15,33.6,,
05/25/15,33.5,,
05/26/15,33.5,,
05/27/15,33.4,,
05/28/15,33.3,,
05/29/15,33.2,,
05/30/15,33.2,,
05/31/15,33.1,,
06/01/15,33.1,,
06/02/15,33.1,,
06/03/15,33.1,,
06/04/15,33.1,,
06/05/15,33.1,,
06/06/15,33.1,,
06/07/15,33.1,,
06/08/15,33.0,,
06/09/15,33.0,,
06/10/15,33.0,,
06/11/15,33.0,,
06/12/15,33.0,,
06/13/15,33.0,,
06/14/15,33.0,,
06/15/15,32.9,,
06/16/15,32.9,,
06/17/15,32.8,,
06/18/15,32.8,,
06/19/15,32.8,,
06/20/15,32.7,,
06/21/15,32.7,,
06/22/15,32.7,,
06/23/15,32.7,,
06/24/15,32.7,,
06/25/15,32.7,,
06/26/15,32.6,,
06/27/15,32.6,,
06/28/15,32.6,,
06/29/15,32.6,,
06/30/15,32.6,,
07/01/15,32.6,,
07/02/15,32.7,,
07/03/15,32.7,,
07/04/15,32.7,,
07/05/15,32.7,,
07/06/15,32.7,,
07/07/15,32.7,,
07/08/15,32.7,,
07/09/15,32.6,,
07/10/15,32.6,,
07/11/15,32.7,,
07/12/15,32.7,,
07/13/15,32.7,,
07/14/15,32.7,,
07/15/15,32.7,,
07/16/15,32.8,,
07/17/15,32.8,,
07/18/15,32.7,,
07/19/15,32.6,,
07/20/15,32.6,,
07/21/15,32.7,,
07/22/15,32.8,,
07/23/15,32.9,,
07/24/15,32.9,,
07/25/15,32.9,,
07/26/15,32.9,,
07/27/15,32.9,,
07/28/15,32.9,,
07/29/15,33.0,,
07/30/15,33.0,,
07/31/15,33.0,,
08/01/15,33.0,,
08/02/15,33.0,,
08/03/15,33.0,,
08/04/15,33.0,,
08/05/15,33.0,,
08/06/15,33.0,,
08/07/15,33.0,,
08/08/15,33.0,,
08/09/15,33.0,,
08/10/15,33.0,,
08/11/15,33.0,,
08/12/15,33.0,,
08/13/15,33.0,,
08/14/15,33.0,,
08/15/15,33.0,,
08/16/15,33.0,,
08/17/15,33.0,,
08/18/15,33.0,,
08/19/15,32.9,,
08/20/15,32.9,,
08/21/15,32.9,,
08/22/15,32.9,,
08/23/15,32.9,,
08/24/15,32.9,,
08/25/15,33.0,,
08/26/15,33.0,,
08/27/15,33.0,,
08/28/15,33.0,,
08/29/15,33.1,,
08/30/15,33.1,,
08/31/15,33.2,,
09/01/15,33.2,,
09/02/15,33.1,,
09/03/15,33.1,,
09/04/15,33.0,,
09/05/15,33.0,,
09/06/15,32.9,,
09/07/15,32.9,,
09/08/15,33.0,,
09/09/15,33.0,,
09/10/15,33.0,,
09/11/15,32.9,,
09/12/15,32.9,,
09/13/15,33.0,,
09/14/15,32.9,,
09/15/15,33.0,,
09/16/15,33.0,,
09/17/15,33.0,,
09/18/15,33.0,,
09/19/15,33.0,,
09/20/15,33.0,,
09/21/15,33.0,,
09/22/15,33.0,,
09/23/15,33.0,,
09/24/15,33.0,,
09/25/15,33.0,,
09/26/15,32.9,,
09/27/15,32.9,,
09/28/15,32.9,,
09/29/15,32.9,,
09/30/15,32.9,,
10/01/15,32.9,,
10/02/15,32.9,,
10/03/15,32.9,,
10/04/15,32.9,,
10/05/15,32.9,,
10/06/15,32.9,,
10/07/15,32.9,,
10/08/15,32.9,,
10/09/15,32.9,,
10/10/15,32.9,,
10/11/15,32.8,,
10/12/15,32.8,,
10/13/15,32.8,,
10/14/15,32.8,,
10/15/15,32.8,,
10/16/15,32.7,,
10/17/15,32.7,,
10/18/15,32.7,,
10/19/15,32.7,,
10/20/15,32.7,,
10/21/15,32.7,,
10/22/15,32.7,,
10/23/15,32.7,,
10/24/15,32.7,,
10/25/15,32.8,,
10/26/15,32.8,,
10/27/15,32.9,,
10/28/15,32.9,,
10/29/15,32.9,,
10/30/15,33.0,,
10/31/15,33.0,,
11/01/15,33.0,,
11/02/15,33.0,,
11/03/15,33.1,,
11/04/15,33.1,,
11/05/15,33.1,,
11/06/15,33.0,,
11/07/15,32.9,,
11/08/15,32.9,,
11/09/15,33.0,,
11/10/15,33.2,,
11/11/15,33.1,,
11/12/15,33.3,,
11/13/15,33.4,,
11/14/15,33.7,,
11/15/15,34.0,,
11/16/15,34.4,,
11/17/15,34.5,,
11/18/15,34.7,,
11/19/15,34.8,,
11/20/15,34.9,,
11/21/15,34.9,,
11/22/15,34.9,,
11/23/15,34.9,,
11/24/15,34.8,,
11/25/15,34.8,,
11/26/15,34.8,,
11/27/15,34.8,,
11/28/15,34.8,,
11/29/15,34.8,,
11/30/15,34.9,,
12/01/15,35.0,,
12/02/15,35.0,,
12/03/15,35.1,,
12/04/15,35.1,,
12/05/15,35.2,,
12/06/15,35.4,,
12/07/15,35.6,,
12/08/15,35.6,,
12/09/15,35.6,,
12/10/15,35.7,,
12/11/15,35.7,,
12/12/15,35.7,,
12/13/15,35.8,,
12/14/15,35.8,,
12/15/15,35.8,,
12/16/15,35.7,,
12/17/15,35.7,,
12/18/15,35.7,,
12/19/15,35.6,,
12/20/15,35.6,,
12/21/15,35.6,,
12/22/15,35.6,,
12/23/15,35.6,,
12/24/15,35.6,,
12/25/15,35.7,,
12/26/15,35.8,,
12/27/15,35.8,,
12/28/15,35.8,,
12/29/15,35.8,,
12/30/15,35.8,,
12/31/15,35.9,,
01/01/16,35.9,,
01/02/16,35.9,,
01/03/16,35.9,,
01/04/16,36.0,,
01/05/16,36.0,,
01/06/16,35.9,,
01/07/16,35.9,,
01/08/16,35.9,,
01/09/16,35.9,,
01/10/16,35.8,,
01/11/16,35.8,,
01/12/16,35.7,,
01/13/16,35.7,,
01/14/16,35.6,,
01/15/16,35.6,,
01/16/16,35.5,,
01/17/16,35.5,,
01/18/16,35.4,,
01/19/16,35.4,,
01/20/16,35.3,,
01/21/16,35.3,,
01/22/16,35.2,,
01/23/16,35.2,,
01/24/16,35.2,,
01/25/16,35.1,,
01/26/16,35.1,,
01/27/16,35.2,,
01/28/16,35.3,,
01/29/16,35.3,,
01/30/16,35.3,,
01/31/16,35.3,,
02/01/16,35.3,,
02/02/16,35.3,,
02/03/16,35.2,,
02/04/16,35.2,,
02/05/16,35.2,,
02/06/16,35.1,,
02/07/16,35.1,,
02/08/16,35.1,,
02/09/16,35.2,,
02/10/16,35.2,,
02/11/16,35.2,,
02/12/16,35.2,,
02/13/16,35.2,,
02/14/16,35.2,,
02/15/16,35.1,,
02/16/16,35.1,,
02/17/16,35.1,,
02/18/16,35.1,,
02/19/16,35.1,,
02/20/16,35.1,,
02/21/16,35.1,,
02/22/16,35.1,,
02/23/16,35.0,,
02/24/16,35.0,,
02/25/16,34.9,,
02/26/16,34.9,,
02/27/16,34.9,,
02/28/16,34.8,,
02/29/16,34.7,,
03/01/16,34.8,,
03/02/16,34.9,,
03/03/16,34.9,,
03/04/16,34.9,,
03/05/16,34.9,,
03/06/16,34.9,,
03/07/16,34.8,,
03/08/16,34.8,,
03/09/16,34.7,,
03/10/16,34.7,,
03/11/16,34.7,,
03/12/16,34.6,,
03/13/16,34.6,,
03/14/16,34.5,,
03/15/16,34.4,,
03/16/16,34.4,,
03/17/16,34.3,,
03/18/16,34.2,,
03/19/16,34.1,,
03/20/16,34.1,,
03/21/16,34.0,,
03/22/16,33.9,,
03/23/16,33.8,,
03/24/16,33.7,,
03/25/16,33.6,,
03/26/16,33.6,,
03/27/16,33.7,,
03/28/16,33.8,,
03/29/16,33.8,,
03/30/16,33.8,,
03/31/16,33.8,,
04/01/16,33.7,,
04/02/16,33.8,,
04/03/16,33.9,,
04/04/16,34.0,,
04/05/16,34.1,,
04/06/16,34.1,,
04/07/16,34.1,,
04/08/16,34.1,,
04/09/16,34.1,,
04/10/16,34.1,,
04/11/16,34.0,,
04/12/16,34.0,,
04/13/16,34.1,,
04/14/16,34.1,,
04/15/16,34.1,,
04/16/16,34.2,,
04/17/16,34.2,,
04/18/16,34.2,,
04/19/16,34.1,,
04/20/16,34.1,,
04/21/16,34.0,,
04/22/16,33.9,,
04/23/16,33.8,,
04/24/16,33.6,,
04/25/16,33.5,,
04/26/16,33.4,,
04/27/16,33.3,,
04/28/16,33.2,,
04/29/16,33.2,,
04/30/16,33.1,,
05/01/16,33.0,,
05/02/16,33.0,,
05/03/16,33.0,,
05/04/16,33.0,,
05/05/16,33.0,,
05/06/16,33.0,,
05/07/16,33.0,,
05/08/16,33.0,,
05/09/16,33.0,,
05/10/16,33.0,,
05/11/16,33.1,,
05/12/16,33.0,,
05/13/16,33.0,,
05/14/16,32.9,,
05/15/16,32.8,,
05/16/16,32.8,,
05/17/16,32.8,,
05/18/16,32.8,,
05/19/16,32.8,,
05/20/16,32.8,,
05/21/16,32.8,,
05/22/16,32.8,,
05/23/16,32.8,,
05/24/16,32.8,,
05/25/16,32.8,,
05/26/16,32.7,,
05/27/16,32.7,,
05/28/16,32.7,,
05/29/16,32.7,,
05/30/16,32.7,,
05/31/16,32.7,,
06/01/16,32.6,,
06/02/16,32.6,,
06/03/16,32.6,,
06/04/16,32.6,,
06/05/16,32.6,,
06/06/16,32.6,,
06/07/16,32.6,,
06/08/16,32.6,,
06/09/16,32.7,,
06/10/16,32.7,,
06/11/16,32.7,,
06/12/16,32.6,,
06/13/16,32.7,,
06/14/16,32.7,,
06/15/16,32.8,,
06/16/16,32.9,,
06/17/16,32.8,,
06/18/16,32.9,,
06/19/16,32.9,,
06/20/16,33.0,,
06/21/16,33.0,,
06/22/16,33.0,,
06/23/16,33.0,,
06/24/16,33.0,,
06/25/16,32.9,,
06/26/16,32.9,,
06/27/16,32.9,,
06/28/16,33.0,,
06/29/16,33.0,,
06/30/16,33.0,,
07/01/16,33.0,,
07/02/16,33.0,,
07/03/16,33.0,,
07/04/16,33.0,,
07/05/16,33.0,,
07/06/16,33.0,,
07/07/16,33.0,,
07/08/16,33.0,,
07/09/16,32.9,,
07/10/16,32.9,,
07/11/16,32.9,,
07/12/16,33.0,,
07/13/16,33.1,,
07/14/16,33.1,,
07/15/16,33.0,,
07/16/16,33.0,,
07/17/16,33.0,,
07/18/16,33.0,,
07/19/16,33.0,,
07/20/16,33.0,,
07/21/16,32.9,,
07/22/16,32.9,,
07/23/16,32.9,,
07/24/16,32.9,,
07/25/16,32.9,,
07/26/16,32.9,,
07/27/16,32.9,,
07/28/16,32.9,,
07/29/16,32.9,,
07/30/16,32.9,,
07/31/16,32.9,,
08/01/16,32.9,,
08/02/16,32.9,,
08/03/16,32.9,,
08/04/16,32.9,,
08/05/16,33.0,,
08/06/16,33.0,,
08/07/16,32.9,,
08/08/16,32.9,,
08/09/16,32.9,,
08/10/16,32.9,,
08/11/16,32.9,,
08/12/16,32.9,,
08/13/16,32.9,,
08/14/16,32.9,,
08/15/16,32.9,,
08/16/16,32.8,,
08/17/16,32.7,,
08/18/16,32.7,,
08/19/16,32.7,,
08/20/16,32.7,,
08/21/16,32.8,,
08/22/16,32.8,,
08/23/16,32.9,,
08/24/16,33.1,,
08/25/16,33.1,,
08/26/16,33.0,,
08/27/16,33.0,,
08/28/16,33.0,,
08/29/16,33.0,,
08/30/16,33.0,,
08/31/16,33.0,,
09/01/16,33.0,,
09/02/16,33.0,,
09/03/16,32.9,,
09/04/16,32.8,,
09/05/16,32.9,,
09/06/16,33.0,,
09/07/16,33.0,,
09/08/16,33.1,,
09/09/16,33.1,,
09/10/16,33.1,,
09/11/16,33.1,,
09/12/16,33.0,,
09/13/16,33.1,,
09/14/16,33.2,,
09/15/16,33.2,,
09/16/16,33.2,,
09/17/16,33.2,,
09/18/16,33.1,,
09/19/16,33.1,,
09/20/16,33.1,,
09/21/16,33.0,,
09/22/16,33.0,,
09/23/16,33.0,,
09/24/16,33.0,,
09/25/16,33.1,,
09/26/16,33.3,,
09/27/16,33.4,,
09/28/16,33.4,,
09/29/16,33.4,,
09/30/16,33.4,,
10/01/16,33.4,,
10/02/16,33.4,,
10/03/16,33.4,,
10/04/16,33.3,,
10/05/16,33.3,,
10/06/16,33.2,,
10/07/16,33.2,,
10/08/16,33.1,,
10/09/16,33.1,,
10/10/16,33.1,,
10/11/16,33.1,,
10/12/16,33.1,,
10/13/16,33.1,,
10/14/16,33.1,,
10/15/16,33.1,,
10/16/16,33.2,,
10/17/16,33.3,,
10/18/16,33.3,,
10/19/16,33.4,,
10/20/16,33.3,,
10/21/16,33.3,,
10/22/16,33.3,,
10/23/16,33.2,,
10/24/16,33.2,,
10/25/16,33.2,,
10/26/16,33.1,,
10/27/16,33.1,,
10/28/16,33.1,,
10/29/16,33.1,,
10/30/16,33.1,,
10/31/16,33.1,,
11/01/16,33.1,,
11/02/16,33.0,,
11/03/16,33.0,,
11/04/16,33.0,,
11/05/16,33.0,,
11/06/16,33.0,,
11/07/16,33.0,,
11/08/16,32.9,,
11/09/16,33.0,,
11/10/16,33.0,,
11/11/16,33.0,,
11/12/16,33.1,,
11/13/16,33.1,,
11/14/16,33.1,,
11/15/16,33.2,,
11/16/16,33.2,,
11/17/16,33.2,,
11/18/16,33.5,,
11/19/16,33.2,,
11/20/16,33.2,,
11/21/16,33.3,,
11/22/16,33.4,,
11/23/16,33.4,,
11/24/16,33.4,,
11/25/16,33.4,,
11/26/16,33.3,,
11/27/16,33.3,,
11/28/16,33.3,,
11/29/16,33.3,,
11/30/16,33.3,,
12/01/16,33.3,,
12/02/16,33.3,,
12/03/16,33.3,,
12/04/16,33.2,,
12/05/16,33.2,,
12/06/16,33.2,,
12/07/16,33.2,,
12/08/16,33.2,,
12/09/16,33.2,,
12/10/16,33.1,,
12/11/16,33.1,,
12/12/16,33.1,,
12/13/16,33.1,,
12/14/16,33.1,,
12/15/16,33.2,,
12/16/16,33.3,,
12/17/16,33.4,,
12/18/16,33.4,,
12/19/16,33.4,,
12/20/16,33.3,,
12/21/16,33.4,,
12/22/16,33.3,,
12/23/16,33.3,,
12/24/16,33.4,,
12/25/16,33.5,,
12/26/16,33.5,,
12/27/16,33.5,,
12/28/16,33.6,,
12/29/16,33.6,,
12/30/16,33.6,,
12/31/16,33.6,,
01/01/17,33.6,,
01/02/17,33.7,,
01/03/17,33.6,,
01/04/17,33.6,,
01/05/17,33.6,,
01/06/17,33.6,,
01/07/17,33.7,,
01/08/17,33.7,,
01/09/17,33.7,,
01/10/17,33.7,,
01/11/17,33.7,,
01/12/17,33.6,,
01/13/17,33.6,,
01/14/17,33.6,,
01/15/17,33.6,,
01/16/17,33.6,,
01/17/17,33.5,,
01/18/17,33.5,,
01/19/17,33.5,,
01/20/17,33.4,,
01/21/17,33.4,,
01/22/17,33.4,,
01/23/17,33.4,,
01/24/17,33.3,,
01/25/17,33.3,,
01/26/17,33.3,,
01/27/17,33.3,,
01/28/17,33.3,,
01/29/17,33.3,,
01/30/17,33.2,,
01/31/17,33.2,,
02/01/17,33.3,,
02/02/17,33.3,,
02/03/17,33.3,,
02/04/17,33.3,,
02/05/17,33.3,,
02/06/17,33.3,,
02/07/17,33.3,,
02/08/17,33.3,,
02/09/17,33.3,,
02/10/17,33.3,,
02/11/17,33.2,,
02/12/17,33.2,,
02/13/17,33.1,,
02/14/17,33.1,,
02/15/17,33.0,,
02/16/17,33.0,,
02/17/17,33.0,,
02/18/17,33.0,,
02/19/17,33.0,,
02/20/17,33.0,,
02/21/17,33.0,,
02/22/17,33.0,,
02/23/17,33.3,,
02/24/17,33.3,,
02/25/17,33.3,,
02/26/17,33.4,,
02/27/17,33.8,,
02/28/17,34.0,,
03/01/17,34.0,,
03/02/17,34.1,,
03/03/17,34.3,,
03/04/17,34.5,,
03/05/17,34.7,,
03/06/17,34.8,,
03/07/17,34.8,,
03/08/17,34.8,,
03/09/17,34.9,,
03/10/17,34.9,,
03/11/17,34.8,,
03/12/17,34.8,,
03/13/17,34.8,,
03/14/17,34.7,,
03/15/17,34.6,,
03/16/17,34.6,,
03/17/17,34.5,,
03/18/17,34.4,,
03/19/17,34.4,,
03/20/17,34.4,,
03/21/17,34.4,,
03/22/17,34.4,,
03/23/17,34.4,,
03/24/17,34.4,,
03/25/17,34.3,,
03/26/17,34.2,,
03/27/17,34.1,,
03/28/17,34.0,,
03/29/17,34.0,,
03/30/17,33.9,,
03/31/17,33.9,,
04/01/17,33.9,,
04/02/17,33.9,,
04/03/17,33.8,,
04/04/17,33.8,,
04/05/17,33.8,,
04/06/17,33.7,,
04/07/17,33.7,,
04/08/17,33.6,,
04/09/17,33.5,,
04/10/17,33.5,,
04/11/17,33.4,,
04/12/17,33.3,,
04/13/17,33.2,,
04/14/17,33.2,,
04/15/17,33.1,,
04/16/17,33.1,,
04/17/17,33.1,,
04/18/17,33.1,,
04/19/17,33.0,,
04/20/17,33.0,,
04/21/17,33.0,,
04/22/17,33.0,,
04/23/17,32.9,,
04/24/17,32.9,,
04/25/17,32.9,,
04/26/17,32.8,,
04/27/17,32.8,,
04/28/17,32.8,,
04/29/17,32.7,,
04/30/17,32.6,,
05/01/17,32.7,,
05/02/17,32.7,,
05/03/17,32.7,,
05/04/17,32.7,,
05/05/17,32.7,,
05/06/17,32.7,,
05/07/17,32.6,,
05/08/17,32.6,,
05/09/17,32.6,,
05/10/17,32.6,,
05/11/17,32.6,,
05/12/17,32.5,,
05/13/17,32.6,,
05/14/17,32.6,,
05/15/17,32.6,,
05/16/17,32.7,,
05/17/17,32.7,,
05/18/17,32.7,,
05/19/17,32.7,,
05/20/17,32.7,,
05/21/17,32.7,,
05/22/17,32.6,,
05/23/17,32.6,,
05/24/17,32.6,,
05/25/17,32.6,,
05/26/17,32.6,32.6,
05/27/17,32.7,32.7,
05/28/17,32.7,32.7,
05/29/17,32.7,32.7,
05/30/17,32.6,32.6,
05/31/17,32.6,32.6,
06/01/17,32.6,32.6,
06/02/17,32.6,32.6,
06/03/17,32.6,32.6,
06/04/17,32.6,32.6,
06/05/17,32.6,32.6,
06/06/17,32.6,32.6,
06/07/17,32.6,32.6,
06/08/17,32.6,32.6,
06/09/17,32.7,32.7,
06/10/17,32.7,32.7,
06/11/17,32.8,32.8,
06/12/17,32.8,32.8,
06/13/17,32.8,32.8,
06/14/17,32.8,32.8,
06/15/17,32.8,32.8,
06/16/17,32.8,32.8,
06/17/17,32.7,32.7,
06/18/17,32.7,32.7,
06/19/17,32.7,32.7,
06/20/17,32.7,32.7,
06/21/17,32.7,32.7,
06/22/17,32.7,32.7,
06/23/17,32.7,32.7,
06/24/17,32.6,32.6,
06/25/17,32.6,32.6,
06/26/17,32.6,32.6,
06/27/17,32.7,32.7,
06/28/17,32.8,32.8,
06/29/17,32.8,32.8,
06/30/17,32.8,32.8,
07/01/17,32.8,32.8,
07/02/17,32.7,32.7,
07/03/17,32.6,32.6,
07/04/17,32.6,32.6,
07/05/17,32.6,32.6,
07/06/17,32.6,32.6,
07/07/17,32.6,32.6,
07/08/17,32.6,32.6,
07/09/17,32.6,32.6,
07/10/17,32.6,32.6,
07/11/17,32.6,32.6,
07/12/17,32.6,32.6,
07/13/17,32.6,32.6,
07/14/17,32.6,32.6,
07/15/17,32.6,32.6,
07/16/17,32.6,32.6,
07/17/17,32.5,32.5,
07/18/17,32.5,32.5,
07/19/17,32.6,32.6,
07/20/17,32.6,32.6,32.6
07/21/17,32.6,32.6,32.6
07/22/17,32.7,32.7,32.7
07/23/17,32.6,32.6,32.6
07/24/17,32.6,32.6,32.6
07/25/17,32.6,32.6,32.6
07/26/17,32.6,32.6,32.6
07/27/17,32.7,32.7,32.7
07/28/17,32.7,32.7,32.7
07/29/17,32.8,32.8,32.8
07/30/17,32.8,32.8,32.8
07/31/17,32.8,32.8,32.8
08/01/17,32.9,32.9,32.9
08/02/17,32.9,32.9,32.9
08/03/17,32.9,32.9,32.9
08/04/17,33.0,33.0,33.0
08/05/17,33.0,33.0,33.0
08/06/17,33.0,33.0,33.0
08/07/17,33.0,33.0,33.0
08/08/17,33.0,33.0,33.0
08/09/17,32.9,32.9,32.9
08/10/17,32.9,32.9,32.9
08/11/17,32.8,32.8,32.8
08/12/17,32.7,32.7,32.7
08/13/17,32.7,32.7,32.7
08/14/17,32.7,32.7,32.7
08/15/17,32.6,32.6,32.6
08/16/17,32.7,32.7,32.7
08/17/17,32.7,32.7,32.7
08/18/17,32.7,32.7,32.7
08/19/17,32.7,32.7,32.7
08/20/17,32.7,32.7,32.7
08/21/17,32.8,32.8,32.8
08/22/17,32.9,32.9,32.9
08/23/17,32.9,32.9,32.9
08/24/17,33.0,33.0,33.0
08/25/17,33.0,33.0,33.0
08/26/17,33.1,33.1,33.1
08/27/17,33.2,33.2,33.2
08/28/17,33.3,33.3,33.3
08/29/17,33.3,33.3,33.3
08/30/17,33.4,33.4,33.4
08/31/17,33.4,33.4,33.4
09/01/17,33.4,33.4,33.4
09/02/17,33.4,33.4,33.4
09/03/17,33.4,33.4,33.4
09/04/17,33.5,33.5,33.5
09/05/17,33.5,33.5,33.5
09/06/17,33.5,33.5,33.5
09/07/17,33.4,33.4,33.4
09/08/17,33.4,33.4,33.4
09/09/17,33.4,33.4,33.4
09/10/17,33.4,33.4,33.4
09/11/17,33.4,33.4,33.4
09/12/17,33.4,33.4,33.4
09/13/17,33.5,33.5,33.5
09/14/17,33.6,33.6,33.6
09/15/17,33.7,33.7,33.7
09/16/17,33.7,33.7,33.7
09/17/17,33.7,33.7,33.7
09/18/17,33.7,33.7,33.7
09/19/17,33.7,33.7,33.7
09/20/17,33.6,33.6,33.6
09/21/17,33.7,33.7,33.7
09/22/17,33.7,33.7,33.7
09/23/17,33.7,33.7,33.7
09/24/17,33.7,33.7,33.7
09/25/17,33.7,33.7,33.7
09/26/17,33.7,33.7,33.7
09/27/17,33.7,33.7,33.7
09/28/17,33.9,33.9,33.9
09/29/17,34.0,34.0,34.0
09/30/17,34.1,34.1,34.1
10/01/17,34.1,34.1,34.1
10/02/17,34.1,34.1,34.1
10/03/17,34.1,34.1,34.1
10/04/17,34.1,34.1,34.1
10/05/17,34.1,34.1,34.1
10/06/17,34.1,34.1,34.1
10/07/17,34.1,34.1,34.1
10/08/17,34.1,34.1,34.1
10/09/17,34.0,34.0,34.0
10/10/17,34.0,34.0,34.0
10/11/17,34.0,34.0,34.0
10/12/17,34.0,34.0,34.0
10/13/17,34.0,34.0,34.0
10/14/17,34.1,34.1,34.1
10/15/17,34.1,34.1,34.1
10/16/17,34.1,34.1,34.1
10/17/17,34.1,34.1,34.1
10/18/17,34.1,34.1,34.1
10/19/17,34.1,34.1,34.1
10/20/17,34.3,34.3,34.3
10/21/17,34.4,34.4,34.4
10/22/17,34.5,34.5,34.5
10/23/17,34.5,34.5,34.5
10/24/17,34.5,34.5,34.5
10/25/17,34.6,34.6,34.6
10/26/17,34.6,34.6,34.6
10/27/17,34.6,34.6,34.6
10/28/17,34.6,34.6,34.6
10/29/17,34.6,34.6,34.6
10/30/17,34.6,34.6,34.6
10/31/17,34.5,34.5,34.5
11/01/17,34.5,34.5,34.5
11/02/17,34.4,34.4,34.4
11/03/17,34.3,34.3,34.3
11/04/17,34.3,34.3,34.3
11/05/17,34.2,34.2,34.2
11/06/17,34.1,34.1,34.1
11/07/17,34.0,34.0,34.0
11/08/17,34.0,34.0,34.0
11/09/17,34.0,34.0,34.0
11/10/17,33.9,33.9,33.9
11/11/17,33.9,33.9,33.9
11/12/17,34.0,34.0,34.0
11/13/17,34.1,34.1,34.1
11/14/17,34.1,34.1,34.1
11/15/17,34.1,34.1,34.1
11/16/17,34.1,34.1,34.1
11/17/17,34.1,34.1,34.1
11/18/17,34.1,34.1,34.1
11/19/17,34.1,34.1,34.1
11/20/17,34.0,34.0,34.0
11/21/17,34.0,34.0,34.0
11/22/17,34.1,34.1,34.1
11/23/17,34.3,34.3,34.3
11/24/17,34.4,34.4,34.4
11/25/17,34.4,34.4,34.4
11/26/17,34.4,34.4,34.4
11/27/17,34.4,34.4,34.4
11/28/17,34.5,34.5,34.5
11/29/17,34.5,34.5,34.5
11/30/17,34.4,34.4,34.4
12/01/17,34.4,34.4,34.4
12/02/17,34.4,34.4,34.4
12/03/17,34.3,34.3,34.3
12/04/17,34.3,34.3,34.3
12/05/17,34.2,34.2,34.2
12/06/17,34.2,34.2,34.2
12/07/17,34.1,34.1,34.1
12/08/17,34.2,34.2,34.2
12/09/17,34.2,34.2,34.2
12/10/17,34.2,34.2,34.2
12/11/17,34.3,34.3,34.3
12/12/17,34.3,34.3,34.3
12/13/17,34.4,34.4,34.4
12/14/17,34.5,34.5,34.5
12/15/17,34.6,34.6,34.6
12/16/17,34.6,34.6,34.6
12/17/17,34.6,34.6,34.6
12/18/17,34.6,34.6,34.6
12/19/17,34.6,34.6,34.6
12/20/17,34.6,34.6,34.6
12/21/17,34.6,34.6,34.6
12/22/17,34.5,34.5,34.5
12/23/17,34.5,34.5,34.5
12/24/17,34.5,34.5,34.5
12/25/17,34.5,34.5,34.5
12/26/17,34.6,34.6,34.6
12/27/17,34.6,34.6,34.6
12/28/17,34.7,34.7,34.7
12/29/17,34.7,34.7,34.7
12/30/17,34.7,34.7,34.7
12/31/17,34.8,34.8,34.8
01/01/18,34.9,34.9,34.9
01/02/18,34.9,34.9,34.9
01/03/18,34.9,34.9,34.9
01/04/18,35.0,35.0,35.0
01/05/18,35.1,35.1,35.1
01/06/18,35.1,35.1,35.1
01/07/18,35.1,35.1,35.1
01/08/18,35.0,35.0,35.0
01/09/18,35.0,35.0,35.0
01/10/18,35.0,35.0,35.0
01/11/18,34.9,34.9,34.9
01/12/18,34.9,34.9,34.9
01/13/18,34.9,34.9,34.9
01/14/18,34.8,34.8,34.8
01/15/18,34.8,34.8,34.8
01/16/18,34.8,34.8,34.8
01/17/18,34.8,34.8,34.8
01/18/18,34.9,34.9,34.9
01/19/18,34.9,34.9,34.9
01/20/18,34.9,34.9,34.9
01/21/18,35.0,35.0,35.0
01/22/18,35.1,35.1,35.1
01/23/18,35.1,35.1,35.1
01/24/18,35.2,35.2,35.2
01/25/18,35.2,35.2,35.2
01/26/18,35.3,35.3,35.3
01/27/18,35.3,35.3,35.3
01/28/18,35.3,35.3,35.3
01/29/18,35.3,35.3,35.3
01/30/18,35.3,35.3,35.3
01/31/18,35.3,35.3,35.3
02/01/18,35.3,35.3,35.3
02/02/18,35.3,35.3,35.3
02/03/18,35.3,35.3,35.3
02/04/18,35.2,35.2,35.2
02/05/18,35.2,35.2,35.2
02/06/18,35.2,35.2,35.2
02/07/18,35.1,35.1,35.1
02/08/18,35.1,35.1,35.1
02/09/18,35.0,35.0,35.0
02/10/18,35.0,35.0,35.0
02/11/18,35.0,35.0,35.0
02/12/18,35.0,35.0,35.0
02/13/18,35.0,35.0,35.0
02/14/18,35.0,35.0,35.0
02/15/18,35.0,35.0,35.0
02/16/18,35.0,35.0,35.0
02/17/18,35.0,35.0,35.0
02/18/18,35.0,35.0,35.0
02/19/18,35.0,35.0,35.0
02/20/18,35.0,35.0,35.0
02/21/18,34.9,34.9,34.9
02/22/18,34.9,34.9,34.9
02/23/18,34.8,34.8,34.8
02/24/18,34.8,34.8,34.8
02/25/18,34.7,34.7,34.7
02/26/18,34.7,34.7,34.7
02/27/18,34.6,34.6,34.6
02/28/18,34.5,34.5,34.5
03/01/18,34.5,34.5,34.5
03/02/18,34.4,34.4,34.4
03/03/18,34.3,34.3,34.3
03/04/18,34.3,34.3,34.3
03/05/18,34.2,34.2,34.2
03/06/18,34.2,34.2,34.2
03/07/18,34.2,34.2,34.2
03/08/18,34.1,34.1,34.1
03/09/18,34.1,34.1,34.1
03/10/18,34.0,34.0,34.0
03/11/18,34.0,34.0,34.0
03/12/18,34.0,34.0,34.0
03/13/18,33.9,33.9,33.9
03/14/18,33.8,33.8,33.8
03/15/18,33.8,33.8,33.8
03/16/18,33.8,33.8,33.8
03/17/18,33.7,33.7,33.7
03/18/18,33.7,33.7,33.7
03/19/18,33.6,,
03/20/18,33.5,,
03/21/18,33.4,,
03/22/18,33.3,,
03/23/18,33.3,,
03/24/18,33.3,,
03/25/18,33.2,,
03/26/18,33.2,,
03/27/18,33.2,,
03/28/18,33.2,,
03/29/18,33.1,,
03/30/18,33.2,,
03/31/18,33.3,,
04/01/18,33.3,,
04/02/18,33.3,,
04/03/18,33.3,,
04/04/18,33.4,,
04/05/18,33.5,,
04/06/18,33.5,,
04/07/18,33.6,,
04/08/18,33.7,,
04/09/18,33.7,,
04/10/18,33.7,,
04/11/18,33.7,,
04/12/18,33.6,,
04/13/18,33.5,,
04/14/18,33.5,,
04/15/18,33.4,,
04/16/18,33.4,,
04/17/18,33.4,,
04/18/18,33.5,,
04/19/18,33.6,,
04/20/18,33.6,,
04/21/18,33.6,,
04/22/18,33.5,,
04/23/18,33.5,,
04/24/18,33.4,,
04/25/18,33.4,,
04/26/18,33.4,,
04/27/18,33.4,,
04/28/18,33.3,,
04/29/18,33.3,,
04/30/18,33.2,,
05/01/18,33.2,,
05/02/18,33.2,,
05/03/18,33.1,,
05/04/18,33.1,,
05/05/18,33.1,,
05/06/18,33.1,,
05/07/18,33.1,,
05/08/18,33.1,,
05/09/18,33.0,,
05/10/18,33.0,,
05/11/18,33.0,,
05/12/18,33.0,,
05/13/18,33.0,,
05/14/18,33.0,,
05/15/18,,,
05/16/18,,,
05/17/18,32.9,,
05/18/18,32.9,,
05/19/18,32.8,,
05/20/18,32.8,,
05/21/18,32.8,,
05/22/18,33.0,,
05/23/18,33.0,,
05/24/18,33.0,,
05/25/18,33.0,,
05/26/18,32.9,,
05/27/18,32.9,,
05/28/18,32.8,,
05/29/18,32.8,,
05/30/18,32.8,,
05/31/18,32.8,,
06/01/18,32.8,,
06/02/18,32.8,,
06/03/18,32.8,,
06/04/18,32.8,,
06/05/18,32.8,,
06/06/18,32.8,,
06/07/18,32.7,,
06/08/18,32.7,,
06/09/18,32.8,,
06/10/18,32.8,,
06/11/18,32.8,,
06/12/18,32.7,,
06/13/18,32.7,,
06/14/18,32.7,,
06/15/18,32.7,,
06/16/18,32.7,,
06/17/18,32.7,,
06/18/18,32.7,,
06/19/18,32.7,,
06/20/18,32.7,,
06/21/18,32.7,,
06/22/18,32.7,,
06/23/18,32.7,,
06/24/18,32.7,,
06/25/18,32.7,,
06/26/18,32.7,,
06/27/18,32.7,,
06/28/18,32.7,,
06/29/18,32.7,,
06/30/18,32.7,,
07/01/18,32.7,,
07/02/18,32.6,,
07/03/18,32.6,,
07/04/18,32.6,,
07/05/18,32.6,,
07/06/18,32.6,,
07/07/18,32.6,,
07/08/18,32.6,,
07/09/18,32.6,,
07/10/18,32.6,,
07/11/18,32.6,,
07/12/18,32.6,,
07/13/18,32.6,,
07/14/18,32.6,,
07/15/18,32.6,,
07/16/18,32.6,,
07/17/18,32.6,,
07/18/18,32.6,,
07/19/18,32.6,,
07/20/18,32.6,,
07/21/18,32.6,,
07/22/18,32.6,,
07/23/18,32.6,,
07/24/18,32.6,,
07/25/18,32.6,,
07/26/18,32.6,,
07/27/18,32.6,,
07/28/18,32.6,,
07/29/18,32.6,,
07/30/18,32.6,,
07/31/18,32.6,,
08/01/18,32.6,,
08/02/18,32.6,,
08/03/18,32.6,,
08/04/18,32.6,,
08/05/18,32.6,,
08/06/18,32.6,,
08/07/18,32.6,,
08/08/18,32.6,,
08/09/18,32.6,,
08/10/18,32.6,,
08/11/18,32.6,,
08/12/18,32.6,,
08/13/18,32.6,,
08/14/18,32.6,,
08/15/18,32.6,,
08/16/18,32.6,,
08/17/18,32.6,,
08/18/18,32.6,,
08/19/18,32.6,,
08/20/18,32.6,,
08/21/18,32.6,,
08/22/18,32.6,,
08/23/18,32.6,,
08/24/18,32.7,,
08/25/18,32.7,,
08/26/18,32.7,,
08/27/18,32.8,,
08/28/18,32.9,,
08/29/18,32.9,,
08/30/18,32.9,,
08/31/18,32.9,,
09/01/18,32.8,,
09/02/18,32.8,,
09/03/18,32.8,,
09/04/18,32.8,,
09/05/18,32.8,,
09/06/18,32.8,,
09/07/18,32.8,,
09/08/18,32.8,,
09/09/18,32.7,,
09/10/18,32.8,,
09/11/18,32.8,,
09/12/18,32.7,,
09/13/18,32.7,,
09/14/18,32.7,,
09/15/18,32.7,,
09/16/18,32.7,,
09/17/18,32.7,,
09/18/18,32.7,,
09/19/18,32.7,,
09/20/18,32.7,,
09/21/18,32.8,,
09/22/18,32.8,,
09/23/18,32.8,,
09/24/18,32.8,,
09/25/18,32.8,,
09/26/18,32.8,,
09/27/18,32.8,,
09/28/18,32.8,,
09/29/18,,,
09/30/18,,,
10/01/18,32.8,,
10/02/18,32.8,,
10/03/18,32.8,,
10/04/18,32.8,,
10/05/18,32.8,,
10/06/18,32.8,,
10/07/18,32.8,,
10/08/18,32.8,,
10/09/18,32.7,,
10/10/18,32.7,,
10/11/18,32.7,,
10/12/18,32.7,,
10/13/18,32.8,,
10/14/18,32.8,,
10/15/18,32.8,,
10/16/18,32.8,,
10/17/18,32.8,,
10/18/18,32.8,,
10/19/18,32.8,,
10/20/18,32.7,,
10/21/18,32.7,,
10/22/18,32.7,,
10/23/18,32.7,,
10/24/18,32.7,,
10/25/18,32.7,,
10/26/18,32.7,,
10/27/18,32.7,,
10/28/18,32.6,,
10/29/18,32.7,,
10/30/18,32.7,,
10/31/18,32.7,,
11/01/18,32.7,,
11/02/18,32.7,,
11/03/18,32.7,,
11/04/18,32.7,,
11/05/18,32.7,,
11/06/18,32.8,,
11/07/18,32.9,,
11/08/18,32.9,,
11/09/18,32.9,,
11/10/18,33.0,,
11/11/18,33.0,,
11/12/18,33.0,,
11/13/18,33.0,,
11/14/18,33.1,,
11/15/18,33.1,,
11/16/18,33.1,,
11/17/18,33.1,,
11/18/18,33.2,,
11/19/18,33.2,,
11/20/18,33.2,,
11/21/18,33.3,,
11/22/18,33.3,,
11/23/18,33.2,,
11/24/18,33.2,,
11/25/18,33.2,,
11/26/18,33.1,,
11/27/18,33.1,,
11/28/18,33.2,,
11/29/18,33.3,,
11/30/18,33.4,,
12/01/18,33.4,,
12/02/18,33.5,,
12/03/18,33.6,,
12/04/18,33.7,,
12/05/18,33.8,,
12/06/18,33.9,,
12/07/18,34.0,,
12/08/18,34.0,,
12/09/18,34.1,,
12/10/18,34.2,,
12/11/18,34.2,,
12/12/18,34.2,,
12/13/18,34.2,,
12/14/18,34.2,,
12/15/18,34.2,,
12/16/18,34.2,,
12/17/18,34.3,,
12/18/18,34.3,,
12/19/18,34.4,,
12/20/18,34.4,,
12/21/18,34.5,,
12/22/18,34.5,,
12/23/18,34.6,,
12/24/18,34.6,,
12/25/18,34.7,,
12/26/18,34.7,,
12/27/18,34.7,,
12/28/18,34.6,,
12/29/18,34.6,,
12/30/18,34.6,,
12/31/18,34.5,,
01/01/19,34.4,,
01/02/19,34.4,,
01/03/19,34.3,,
01/04/19,34.3,,
01/05/19,34.2,,
01/06/19,34.1,,
01/07/19,34.0,,
01/08/19,34.0,,
01/09/19,33.9,,
01/10/19,33.9,,
01/11/19,33.8,,
01/12/19,33.7,,
01/13/19,33.7,,
01/14/19,33.6,,
01/15/19,33.5,,
01/16/19,33.5,,
01/17/19,33.5,,
01/18/19,33.4,,
01/19/19,33.4,,
01/20/19,33.4,,
01/21/19,33.4,,
01/22/19,33.4,,
01/23/19,33.4,,
01/24/19,33.4,,
01/25/19,33.4,,
01/26/19,33.4,,
01/27/19,33.5,,
01/28/19,33.6,,
01/29/19,33.6,,
01/30/19,33.7,,
01/31/19,33.7,,
02/01/19,33.8,,
02/02/19,33.8,,
02/03/19,33.7,,
02/04/19,33.7,,
02/05/19,33.7,,
02/06/19,33.8,,
02/07/19,33.9,,
02/08/19,34.0,,
02/09/19,34.1,,
02/10/19,34.2,,
02/11/19,34.3,,
02/12/19,34.3,,
02/13/19,34.3,,
02/14/19,34.3,,
02/15/19,34.3,,
02/16/19,34.3,,
02/17/19,34.2,,
02/18/19,34.1,,
02/19/19,34.1,,
02/20/19,34.1,,
02/21/19,34.1,,
02/22/19,34.1,,
02/23/19,34.0,,
02/24/19,34.0,,
02/25/19,34.0,,
02/26/19,33.9,,
02/27/19,33.8,,
02/28/19,33.8,,
03/01/19,33.7,,
03/02/19,33.7,,
03/03/19,33.7,,
03/04/19,33.9,,
03/05/19,34.1,,
03/06/19,34.3,,
03/07/19,34.5,,
03/08/19,34.6,,
03/09/19,34.6,,
03/10/19,34.6,,
03/11/19,34.7,,
03/12/19,34.7,,
03/13/19,34.8,,
03/14/19,34.8,,
03/15/19,34.9,,
03/16/19,35.0,,
03/17/19,35.1,,
03/18/19,35.2,,
03/19/19,35.2,,
03/20/19,35.2,,
03/21/19,35.1,,
03/22/19,35.1,,
03/23/19,35.1,,
03/24/19,35.0,,
03/25/19,35.0,,
03/26/19,34.9,,
03/27/19,34.9,,
03/28/19,34.8,,
03/29/19,34.8,,
03/30/19,34.7,,
03/31/19,34.6,,
04/01/19,34.6,,
04/02/19,34.5,,
04/03/19,34.4,,
04/04/19,34.4,,
04/05/19,34.3,,
04/06/19,34.2,,
04/07/19,34.1,,
04/08/19,34.0,,
04/09/19,33.9,,
04/10/19,33.8,,
04/11/19,33.7,,
04/12/19,33.5,,
04/13/19,33.4,,
04/14/19,33.4,,
04/15/19,33.5,,
